{
  "^FCHI": {
    "run_id": "63408ce153d34ab7bbda4effa3516b61",
    "metrics": {
      "silhouette": 0.6400621207633653,
      "ae_reconstruction": 0.7172379493713379,
      "autoencoder_msg": null
    },
    "score": -0.07717582860797256
  },
  "BNP.PA": {
    "run_id": "83e3acfa8e4242309bf887a9102ea6e1",
    "metrics": {
      "silhouette": 0.35775829444879376,
      "ae_reconstruction": 0.505832850933075,
      "autoencoder_msg": null
    },
    "score": -0.1480745564842812
  },
  "MC.PA": {
    "run_id": "05ade5c49ab0424093061e1b84069cfc",
    "metrics": {
      "silhouette": 0.3464842252602684,
      "ae_reconstruction": 0.5669459700584412,
      "autoencoder_msg": null
    },
    "score": -0.22046174479817277
  },
  "AIR.PA": {
    "run_id": "5298ad7e6ab9450382990c204c78a708",
    "metrics": {
      "silhouette": 0.38617647906165387,
      "ae_reconstruction": 0.4442601501941681,
      "autoencoder_msg": null
    },
    "score": -0.058083671132514225
  },
  "OR.PA": {
    "run_id": "e6522a8effd748e584be667dca8e17ad",
    "metrics": {
      "silhouette": 0.362373196222394,
      "ae_reconstruction": 0.5679032802581787,
      "autoencoder_msg": null
    },
    "score": -0.2055300840357847
  },
  "ORA.PA": {
    "run_id": "a8b7d7b8e1624ac9868f6577cab8b22a",
    "metrics": {
      "silhouette": 0.36355703705145015,
      "ae_reconstruction": 0.5238730311393738,
      "autoencoder_msg": null
    },
    "score": -0.16031599408792363
  }
}